{
  "lambda": 3,
  "mu": 0.02,
  "psi": [1, 1],
  "q": [[null, 0.5], [0.5, null]],
  "state_1": 0.37037037037037,
  "state_2": 0.62962962962963
}
