state,freq,lambda,mu,psi
1,0.37037037037037,3,0.02,1
2,0.62962962962963,3,0.02,1
