,freq,lambda,mu,psi
state_1,0.37037037037037,3,0.02,1
state_2,0.62962962962963,3,0.02,1
